re,im
-0.25,0.0
-0.5915255772899806,0.0
-0.05164643456217881,0.0
1.0131516605616113e-20,0.0
-0.06861557167399912,0.0
