re,im
-0.25,0.0
-0.5892817910654012,0.0
-0.03349706730109819,0.0
-0.8570356306771797,0.0
-2.356668246121927e-32,0.0
