re,im
-0.25,0.0
-0.5950000000000004,0.0
0.012725499446717758,0.0
-0.014010844703079735,0.0
-6.462209238662437e-25,0.0
