re,im
-0.20891859043629174,0.0
-0.026752845838358096,0.0
-7.576016693997336e-18,0.0
-0.25,0.0
-0.013367980883543535,0.0
