re,im
-0.25,0.0
-0.4753624878278217,0.0
0.15137517806021067,0.0
-0.0322607602495886,0.0
1.1709245374611714e-26,0.0
