re,im
-0.25,0.0
-0.574625477796415,0.0
-0.008024503551623373,0.0
-0.058515520010859565,0.0
4.234284808829416e-21,0.0
