re,im
-0.25,0.0
-0.5949999999999998,0.0
0.011526876087924699,0.0
-0.015864967538148828,0.0
-9.734444392687747e-23,0.0
