re,im
-0.25,0.0
-0.574625477796414,0.0
-0.010244017413894827,0.0
-0.05851552001085955,0.0
-1.7434120896378192e-21,0.0
