re,im
-0.25,0.0
-0.5949995500000005,0.0
-0.014494647756431424,0.0
-0.08444898612526026,0.0
-2.1967835185430807e-23,0.0
