re,im
-0.25,0.0
-0.4299925478202169,0.0
0.11342315522352907,0.0
-0.6440265660198502,0.0
-1.4295902988954016e-22,0.0
