re,im
-0.25,0.0
-0.2120994611120354,0.0
-0.08747004217181394,0.0
-0.7563442730584353,0.0
4.211265118239847e-30,0.0
