re,im
-0.25,0.0
-0.574625477796415,0.0
-0.009719821501796969,0.0
-0.05851552001085958,0.0
-4.895358064011442e-22,0.0
