re,im
-0.145,0.0
-0.010210240958188486,0.0
-1.0979819322761466e-18,0.0
-0.25,0.0
-0.015244654546790484,0.0
