re,im
-0.25,0.0
-0.5915255772899808,0.0
-0.04773059872449356,0.0
-8.622586512965757e-21,0.0
-0.0686155716739991,0.0
