re,im
-0.25,0.0
-0.595,0.0
0.010269818348095462,0.0
-0.018285153078527232,0.0
1.8797250282553593e-20,0.0
