re,im
-0.25,0.0
-0.5746254777964148,0.0
-0.011180131736108094,0.0
-0.05851552001085957,0.0
9.72018431448671e-22,0.0
