re,im
-0.25,0.0
-0.5915255772899809,0.0
-0.05148539940638376,0.0
-7.206391269213617e-21,0.0
-0.0686155716739991,0.0
