re,im
0.0,0.0
-0.25,0.0
-0.01335974167681627,0.0
0.12738463661384736,0.0
-0.5171956271627827,0.0
