re,im
-0.25,0.0
-0.5915255772899803,0.0
-0.05091343102926531,0.0
-1.0579583763532897e-21,0.0
-0.06861557167399912,0.0
