re,im
-0.25,0.0
-0.4741190074753754,0.0
-0.05854065643279421,0.0
-0.9094641779182892,0.0
-9.03777947927812e-22,0.0
