re,im
-0.25,0.0
-0.3777662341234993,0.0
-0.15390686656166386,0.0
-0.8476812872525065,0.0
-1.8617281502123687e-17,0.0
