re,im
-0.25,0.0
-0.2516456901415196,0.0
-0.03516708882526066,0.0
-0.6659037418947308,0.0
-1.2601440386931789e-26,0.0
